index,clues,initialization_time_sec,execution_time_sec,min_cpu_usage_percentage,avg_cpu_usage_percentage,max_cpu_usage_percentage,base_rss_usage_bytes,min_rss_inc_bytes,avg_rss_inc_bytes,max_rss_inc_bytes,base_vms_usage_bytes,min_vms_inc_bytes,avg_vms_inc_bytes,max_vms_inc_bytes,success,valid,match,generations,row_swaps,cell_swaps,row_reinitializations,col_swaps,sub_swaps,replacements,reinitializations
58841,80,0.0009,0.1462,74.4,87,99.7,1227485184,20480,20480,20480,1711906816,49152,49152,49152,True,True,True,0,19,0,66,0,0,0,1
70313,79,0.0007,0.1493,99.7,99,99.7,1227489280,20480,20480,20480,1711906816,49152,49152,49152,True,True,True,0,25,0,71,0,0,0,1
73348,79,0.0007,0.1716,99.2,99,99.7,1227485184,20480,20480,20480,1711906816,49152,49152,49152,True,True,True,0,33,53,80,46,11,1,0
86823,79,0.0006,0.1891,0.0,50,100.2,1227214848,212992,235520,258048,1711906816,49152,49152,49152,True,True,True,0,26,45,76,30,15,1,0
122086,79,0.0007,0.1577,0.0,49,99.7,1227485184,20480,20480,20480,1711906816,49152,49152,49152,True,True,True,0,16,0,61,0,0,0,1
141831,78,0.0007,0.1638,0.0,60,120.2,1227485184,20480,20480,20480,1711906816,49152,49152,49152,True,True,True,0,30,0,74,0,0,0,1
162899,78,0.0007,0.1468,66.5,83,99.7,1227489280,20480,20480,20480,1711906816,49152,49152,49152,True,True,True,0,14,0,77,0,0,0,1
176818,78,0.0008,0.1678,0.0,49,99.7,1227485184,20480,20480,20480,1711906816,49152,49152,49152,True,True,True,0,30,0,75,0,0,0,1
214028,77,0.0007,0.1719,99.7,100,100.8,1227485184,20480,20480,20480,1711906816,49152,49152,49152,True,True,True,0,34,64,80,50,9,1,0
310912,76,0.0007,0.1986,99.7,99,99.7,1227489280,20480,20480,20480,1711906816,49152,49152,49152,True,True,True,0,20,49,88,102,27,1,0
315243,75,0.0006,0.1727,100.2,101,101.9,1227485184,20480,20480,20480,1711906816,49152,49152,49152,True,True,True,0,25,63,77,51,6,1,0
326819,75,0.0007,0.1977,99.7,100,101.9,1227489280,20480,20480,20480,1711906816,49152,49152,49152,True,True,True,0,23,117,79,102,32,1,0
353000,75,0.0007,0.1671,99.7,99,99.7,1227485184,20480,20480,20480,1711906816,49152,49152,49152,True,True,True,0,31,65,74,46,0,1,0
373052,75,0.0007,0.1763,66.5,83,100.2,1227485184,20480,20480,20480,1711906816,49152,49152,49152,True,True,True,0,26,44,81,38,12,1,0
387629,74,0.0009,0.2491,0.0,66,99.7,1227485184,20480,20480,20480,1711906816,49152,49152,49152,True,True,True,0,33,55,82,211,54,1,0
403622,74,0.002,0.1685,99.7,99,99.7,1227489280,20480,20480,20480,1711906816,49152,49152,49152,True,True,True,0,23,50,91,48,0,1,0
457441,73,0.0007,0.1617,0.0,50,100.8,1227485184,20480,20480,20480,1711906816,49152,49152,49152,True,True,True,0,22,0,76,0,0,0,1
505500,72,0.0008,0.2535,66.5,88,99.7,1227485184,20480,20480,20480,1711906816,49152,49152,49152,True,True,True,0,24,101,83,172,98,1,0
529532,72,0.0007,0.1827,34.0,67,100.8,1227489280,20480,20480,20480,1711906816,49152,49152,49152,True,True,True,0,23,53,89,51,9,1,0
553197,72,0.0008,0.1652,99.7,99,99.7,1227489280,20480,20480,20480,1711906816,49152,49152,49152,True,True,True,0,24,53,78,45,4,1,0
589548,71,0.0011,0.2479,74.4,91,99.7,1227485184,20480,21845,24576,1711906816,49152,49152,49152,True,True,True,0,29,175,75,185,82,1,0
622331,71,0.0008,0.2622,0.0,67,100.8,1227485184,20480,20480,20480,1711906816,49152,49152,49152,True,True,True,0,25,152,99,149,69,1,0
634644,70,0.0006,0.2159,33.2,77,99.7,1227485184,20480,20480,20480,1711906816,49152,49152,49152,True,True,True,0,24,114,85,133,37,1,0
674138,70,0.0007,0.2556,100.2,100,100.2,1227485184,20480,20480,20480,1711906816,49152,49152,49152,True,True,True,0,29,169,68,176,61,1,0
685884,70,0.0007,0.2636,0.0,66,100.2,1227485184,20480,20480,20480,1711906816,49152,49152,49152,True,True,True,0,30,157,85,182,81,1,0
691597,69,0.0009,0.276,99.7,100,100.8,1227485184,20480,20480,20480,1711906816,49152,49152,49152,True,True,True,0,25,223,79,185,93,1,0
694944,69,0.0007,0.2939,0.0,66,100.8,1227485184,20480,20480,20480,1711906816,49152,49152,49152,True,True,True,0,27,275,82,193,110,1,0
698154,69,0.0006,0.2962,99.2,100,101.9,1227485184,20480,20480,20480,1711906816,49152,49152,49152,True,True,True,0,30,216,107,217,133,1,0
711637,69,0.0007,0.2536,99.7,100,100.8,1227489280,20480,20480,20480,1711906816,49152,49152,49152,True,True,True,0,27,160,101,173,74,1,0
747391,69,0.0024,0.2892,99.7,99,100.2,1227485184,20480,20480,20480,1711906816,49152,49152,49152,True,True,True,0,19,269,76,171,96,1,0
777957,68,0.0007,0.271,99.7,100,101.9,1227485184,20480,20480,20480,1711906816,49152,49152,49152,True,True,True,0,33,224,95,211,93,1,0
779023,68,0.0007,0.3706,0.0,75,100.8,1227464704,20480,30720,40960,1711906816,49152,49152,49152,True,True,True,0,25,150,88,605,219,1,0
804448,68,0.0007,0.2834,0.0,66,100.8,1227485184,20480,20480,20480,1711906816,49152,49152,49152,True,True,True,0,33,300,70,177,84,1,0
811773,68,0.0007,0.3061,0.0,75,101.9,1227485184,20480,20480,20480,1711906816,49152,49152,49152,True,True,True,0,39,281,84,221,137,1,0
895340,66,0.0007,0.3342,66.5,91,100.8,1227489280,20480,20480,20480,1711906816,49152,49152,49152,True,True,True,0,27,328,83,229,135,1,0
954179,65,0.0007,0.3253,33.2,83,101.9,1227485184,20480,20480,20480,1711906816,49152,49152,49152,True,True,True,0,37,343,77,219,120,1,0
957396,65,0.0008,0.3309,0.0,75,101.9,1227485184,20480,20480,20480,1711906816,49152,49152,49152,True,True,True,0,29,278,75,220,139,1,0
977138,65,0.0007,0.3012,99.2,99,99.7,1227489280,20480,20480,20480,1711906816,49152,49152,49152,True,True,True,0,27,319,76,245,123,1,0
991744,65,0.0007,0.3471,66.5,91,99.7,1227485184,20480,20480,20480,1711906816,49152,49152,49152,True,True,True,0,34,360,71,224,137,1,0
1062074,64,0.0007,0.3535,0.0,74,100.8,1227489280,20480,20480,20480,1711906816,49152,49152,49152,True,True,True,0,28,338,79,231,114,1,0
1073223,63,0.0007,0.3667,99.7,100,100.8,1227489280,20480,20480,20480,1711906816,49152,49152,49152,True,True,True,0,52,334,89,345,156,1,0
1077115,63,0.001,0.3768,0.0,79,117.6,1227485184,20480,20480,20480,1711906816,49152,49152,49152,True,True,True,0,23,335,70,387,195,1,0
1096555,63,0.0007,0.326,33.2,83,100.8,1227485184,20480,20480,20480,1711906816,49152,49152,49152,True,True,True,0,25,283,92,316,175,1,0
1133194,62,0.0007,0.3672,99.2,100,101.9,1227485184,20480,20480,20480,1711906816,49152,49152,49152,True,True,True,0,28,378,88,330,194,1,0
1174791,62,0.0007,0.6519,33.2,90,101.9,1227485184,20480,20480,20480,1711906816,49152,49152,49152,True,True,True,1,49,687,174,621,346,2,0
1188666,61,0.0007,0.3586,99.7,99,100.8,1227489280,20480,20480,20480,1711906816,49152,49152,49152,True,True,True,0,29,306,91,277,168,0,1
1201798,61,0.0007,0.6685,0.0,83,100.8,1227485184,20480,20480,20480,1711906816,49152,49152,49152,True,True,True,1,53,545,161,643,291,1,1
1221747,61,0.0006,0.3795,99.2,99,100.8,1227489280,20480,20480,20480,1711906816,49152,49152,49152,True,True,True,0,33,379,77,483,215,0,1
1225382,61,0.0009,0.3592,75.6,100,126.0,1227489280,20480,20480,20480,1711906816,49152,49152,49152,True,True,True,0,43,375,83,275,152,0,1
1246576,61,0.0007,0.3798,99.7,99,100.8,1227485184,20480,20480,20480,1711906816,49152,49152,49152,True,True,True,0,12,345,79,378,175,0,1
1308841,60,0.0007,0.3654,99.2,99,99.7,1227739136,20480,20480,20480,1712168960,49152,49152,49152,True,True,True,0,24,406,72,278,144,1,0
1320313,59,0.0007,0.3752,99.2,99,100.8,1227739136,20480,20480,20480,1712168960,49152,49152,49152,True,True,True,0,25,361,85,409,165,1,0
1323348,59,0.0008,0.3587,74.4,93,101.9,1227739136,20480,20480,20480,1712168960,49152,49152,49152,True,True,True,0,18,376,74,407,171,1,0
1336823,59,0.0006,0.3912,99.2,99,100.8,1227702272,49152,98304,114688,1712136192,77824,160768,188416,True,True,True,0,33,343,84,427,188,0,1
1372086,59,0.0009,0.6825,99.2,100,101.9,1227796480,20480,20480,20480,1712275456,49152,49152,49152,True,True,True,1,58,893,159,535,286,2,0
1391831,58,0.0007,0.6309,99.2,100,101.9,1227796480,20480,20480,20480,1712275456,49152,49152,49152,True,True,True,1,32,724,157,568,365,1,1
1412899,58,0.0007,0.399,99.7,100,100.8,1227739136,20480,20480,20480,1712168960,49152,49152,49152,True,True,True,0,36,444,77,348,187,1,0
1426818,58,0.0007,0.6402,33.2,90,101.9,1227739136,20480,20480,20480,1712168960,49152,49152,49152,True,True,True,1,44,778,149,617,331,0,2
1464028,57,0.0007,0.7263,24.8,91,101.9,1227739136,20480,20480,20480,1712168960,49152,49152,49152,True,True,True,1,64,748,141,776,442,2,0
1560912,56,0.0007,0.6912,99.2,99,101.9,1227739136,20480,20480,20480,1712168960,49152,49152,49152,True,True,True,1,55,874,181,812,385,0,2
1565243,55,0.0007,0.4131,99.7,103,114.7,1227796480,20480,20480,20480,1712275456,49152,49152,49152,True,True,True,0,32,472,71,441,222,1,0
1576819,55,0.0008,1.0303,98.9,99,100.8,1227739136,20480,20480,20480,1712168960,49152,49152,49152,True,True,True,2,83,983,235,1204,622,2,1
1603000,55,0.0007,0.9862,99.2,99,101.9,1227739136,20480,20480,20480,1712168960,49152,49152,49152,True,True,True,2,69,938,250,1332,553,2,1
1623052,55,0.0007,1.037,24.8,93,101.9,1227739136,20480,20480,20480,1712168960,49152,49152,49152,True,True,True,2,80,1076,234,1309,555,2,1
1637629,54,0.0008,0.7315,99.2,99,101.9,1227796480,20480,20480,20480,1712275456,49152,49152,49152,True,True,True,1,52,992,162,779,421,1,1
1653622,54,0.0007,0.7425,33.2,91,100.8,1227739136,20480,20480,20480,1712168960,49152,49152,49152,True,True,True,1,48,978,159,767,423,0,2
1707441,53,0.0007,0.7109,0.0,85,100.8,1227739136,20480,20480,20480,1712168960,49152,49152,49152,True,True,True,1,50,872,167,770,424,1,1
1755500,52,0.0007,1.0815,74.4,97,101.9,1227739136,20480,20480,20480,1712168960,49152,49152,49152,True,True,True,2,82,1108,259,1559,675,2,1
1779532,52,0.0008,1.0183,99.2,99,100.8,1227743232,20480,20480,20480,1712168960,49152,49152,49152,True,True,True,2,73,1261,253,1109,551,2,1
1803197,52,0.0007,1.0347,99.7,100,101.9,1227739136,20480,20480,20480,1712168960,49152,49152,49152,True,True,True,2,73,1217,239,1175,612,0,3
1839548,51,0.0008,1.3735,99.2,99,100.8,1227739136,20480,20480,20480,1712168960,49152,49152,49152,True,True,True,3,126,1796,347,1627,788,2,2
1872331,51,0.0007,0.7585,74.4,96,100.8,1227739136,20480,20480,20480,1712168960,49152,49152,49152,True,True,True,1,70,1047,175,988,481,0,2
1884644,50,0.0007,1.3465,99.2,99,100.8,1227739136,20480,20480,20480,1712168960,49152,49152,49152,True,True,True,3,104,1774,329,1825,820,4,0
1924138,50,0.0007,1.1083,99.7,100,101.9,1227796480,20480,20480,20480,1712275456,49152,49152,49152,True,True,True,2,96,1293,234,1318,629,2,1
1935884,50,0.0007,1.4223,99.2,100,101.9,1227739136,20480,20480,20480,1712168960,49152,49152,49152,True,True,True,3,101,1713,323,1642,868,3,1
1941597,49,0.0008,1.4609,0.0,93,101.9,1227739136,20480,20480,20480,1712168960,49152,49152,49152,True,True,True,3,109,2021,345,1910,923,3,1
1944944,49,0.0007,1.7137,99.2,100,101.9,1227796480,20480,20480,20480,1712275456,49152,49152,49152,True,True,False,4,125,2398,416,1945,1064,3,2
1948154,49,0.0007,1.138,0.0,91,100.8,1227739136,20480,20480,20480,1712168960,49152,49152,49152,True,True,True,2,83,1469,288,1255,705,2,1
1961637,49,0.0007,1.3971,99.2,100,101.9,1227739136,20480,20480,20480,1712168960,49152,49152,49152,True,True,True,3,116,1922,325,1651,863,2,2
1997391,49,0.0008,1.3981,99.2,99,101.9,1227796480,20480,20480,20480,1712275456,49152,49152,49152,True,True,True,3,100,1773,322,1730,836,2,2
2027957,48,0.0007,1.7246,99.2,99,101.9,1227739136,20480,20480,20480,1712168960,49152,49152,49152,True,True,True,4,132,2205,379,2240,899,3,2
2029023,48,0.0007,1.7529,99.2,101,120.2,1227796480,20480,20480,20480,1712275456,49152,49152,49152,True,True,True,4,140,2474,419,2086,1014,3,2
2054448,48,0.0007,1.4155,99.2,100,101.9,1227739136,20480,20480,20480,1712168960,49152,49152,49152,True,True,True,3,100,1915,311,1637,818,2,2
2061773,48,0.0008,1.7794,49.6,97,101.9,1227796480,20480,20480,20480,1712275456,49152,49152,49152,True,True,True,4,146,2140,422,2219,1148,1,4
2145340,46,0.0006,1.8041,99.2,100,101.9,1227739136,20480,20480,20480,1712168960,49152,49152,49152,True,True,True,4,125,2430,411,2303,1080,2,3
2204179,45,0.0007,1.489,99.2,100,101.9,1227739136,20480,20480,20480,1712168960,49152,49152,49152,True,True,False,3,115,1931,351,2079,923,2,2
2207396,45,0.0007,2.513,34.0,97,101.9,1227739136,20480,20480,20480,1712168960,49152,49152,49152,True,True,True,6,234,3511,581,3880,1656,1,6
2227138,45,0.0007,1.7894,99.2,100,116.4,1227739136,20480,20480,20480,1712168960,49152,49152,49152,True,True,True,4,125,2493,428,2455,1194,3,2
2241744,45,0.0007,2.1579,99.2,101,126.0,1227739136,20480,20480,20480,1712168960,49152,49152,49152,True,True,True,5,184,2929,488,2920,1329,4,2
2312074,44,0.0007,3.4748,99.2,100,101.9,1227743232,20480,20480,20480,1712168960,49152,49152,49152,True,True,True,9,262,4886,866,4442,2151,3,7
2323223,43,0.0008,2.7915,99.2,99,101.9,1227739136,20480,20480,20480,1712168960,49152,49152,49152,True,True,True,7,206,3938,637,3746,1491,4,4
2327115,43,0.0007,1.8132,99.2,100,101.9,1227796480,20480,20480,20480,1712275456,49152,49152,49152,True,True,False,4,132,2160,416,2808,1115,2,3
2346555,43,0.0007,2.7653,0.0,96,101.9,1227796480,20480,20480,20480,1712275456,49152,49152,49152,True,True,True,7,223,3914,647,3677,1543,4,4
2383194,42,0.0008,3.5107,99.2,100,124.0,1227739136,20480,20480,20480,1712168960,49152,49152,49152,True,True,False,9,270,4785,822,4554,2196,6,4
2424791,42,0.0007,2.8621,99.7,101,118.7,1227796480,20480,20480,20480,1712275456,49152,49152,49152,True,True,True,7,209,3995,653,4028,1788,5,3
2438666,41,0.0009,3.4928,66.5,98,101.9,1227739136,20480,20480,20480,1712168960,49152,49152,49152,True,True,True,9,256,4817,836,4782,2104,5,5
2451798,41,0.0007,3.0989,0.0,97,126.0,1227739136,20480,20480,20480,1712168960,49152,49152,49152,True,True,True,8,282,4432,696,4411,1996,4,5
2471747,41,0.0007,2.5486,99.2,99,101.9,1227739136,20480,20480,20480,1712168960,49152,49152,49152,True,True,True,6,189,3390,552,3782,1745,3,4
2475382,41,0.0007,4.4032,99.2,99,101.9,1227739136,20480,20480,20480,1712168960,49152,49152,49152,True,True,False,12,360,6221,1009,6036,2866,4,9
2496576,41,0.0007,3.1721,0.0,97,127.8,1227796480,-36864,-13927,20480,1712275456,-57344,-14746,49152,True,True,False,8,250,3817,749,4822,1945,3,6
2536276,40,0.0007,3.7975,99.2,99,101.9,1228996608,20480,20480,20480,1713274880,49152,49152,49152,True,True,True,10,319,5288,912,5630,2399,4,7
2541223,40,0.0009,3.8746,66.5,99,101.9,1228922880,20480,20480,20480,1713135616,49152,49152,49152,True,True,True,10,302,5324,873,5283,2677,3,8
2543264,40,0.0007,3.1702,99.2,99,101.9,1228926976,20480,20480,20480,1713197056,49152,49152,49152,True,True,True,8,231,4493,710,4772,2114,7,2
2573016,39,0.0011,3.9443,66.5,99,101.9,1228931072,20480,20480,20480,1713197056,49152,49152,49152,True,True,False,10,275,5402,845,5644,2490,6,5
2591453,39,0.0008,5.6517,0.0,98,101.9,1228931072,20480,20480,20480,1713197056,49152,49152,49152,True,True,True,15,453,7797,1300,8357,3659,9,7
2598042,39,0.0007,4.843,99.2,99,101.9,1229033472,20480,20480,20480,1713295360,49152,49152,49152,True,True,False,13,319,6743,1117,7221,3238,6,8
2625182,38,0.0007,4.289,99.2,100,101.9,1229033472,20480,20480,20480,1713295360,49152,49152,49152,True,True,True,11,327,5857,973,6149,2829,5,7
2631040,38,0.0008,5.8786,0.0,98,124.0,1228922880,20480,20480,20480,1713197056,49152,49152,49152,True,True,True,16,457,8173,1333,8622,3821,7,10
2666576,38,0.0008,4.864,99.2,100,101.9,1229066240,20480,20480,20480,1713360896,49152,49152,49152,True,True,True,13,353,6814,1106,7634,3244,4,10
2677179,38,0.0007,3.831,0.0,97,101.9,1228926976,20480,20480,20480,1713197056,49152,49152,49152,True,True,False,10,268,5294,878,6161,2636,7,4
2690806,37,0.0007,7.0902,99.2,100,101.9,1228976128,20480,20480,20480,1713250304,49152,49152,49152,True,True,False,20,551,10287,1660,10548,4822,8,13
2717632,37,0.0008,4.0425,0.0,97,101.9,1229033472,20480,20480,20480,1713295360,49152,49152,49152,True,True,True,10,322,5370,875,6286,2836,6,5
2742198,37,0.0007,4.3128,99.2,99,101.9,1228980224,20480,20480,20480,1713250304,49152,49152,49152,True,True,False,11,354,5839,953,7090,3088,9,3
2758132,36,0.0008,6.0775,24.8,98,101.9,1229066240,20480,20480,20480,1713360896,49152,49152,49152,True,True,True,16,494,7366,1366,10040,4019,8,9
2771863,36,0.0008,5.6956,25.2,98,101.9,1228976128,20480,20480,20480,1713250304,49152,49152,49152,True,True,False,15,401,7788,1269,8438,3760,5,11
2792602,36,0.0007,7.4089,66.5,99,101.9,1229045760,20480,20480,20480,1713295360,49152,49152,49152,True,True,True,20,552,10293,1700,11774,4936,14,7
2809637,36,0.001,8.0628,0.0,98,101.9,1229045760,20480,20480,20480,1713295360,49152,49152,49152,True,True,True,22,576,10991,1853,12077,5314,14,9
2826589,35,0.0022,5.4401,99.2,99,101.9,1229045760,20480,20480,20480,1713295360,49152,49152,49152,True,True,False,14,426,7324,1202,8766,3848,5,10
2838926,35,0.0007,5.8093,99.2,99,101.9,1229041664,20480,24504,24576,1713295360,49152,49152,49152,True,True,False,15,466,7804,1262,8769,4084,6,10
2844983,35,0.0008,5.3501,33.2,98,101.9,1228931072,20480,20480,20480,1713197056,49152,49152,49152,True,True,False,14,414,7232,1249,8673,3681,6,9
2893603,34,0.0008,5.0959,99.2,100,101.9,1228931072,20480,20480,20480,1713197056,49152,49152,49152,True,True,False,13,401,6780,1132,8261,3650,3,11
2920391,34,0.001,21.8692,99.2,100,101.9,1229045760,20480,20480,20480,1713295360,49152,49152,49152,True,True,True,64,1705,31828,5330,31961,14223,50,15
2998867,33,0.0009,8.2329,99.2,100,101.9,1229033472,20480,20480,20480,1713295360,49152,49152,49152,True,True,False,22,633,11151,1858,13853,5786,7,16
3021871,32,0.0007,20.091,66.5,99,101.9,1229033472,20480,20480,20480,1713295360,49152,49152,49152,True,True,False,57,1489,28027,4595,31490,14090,34,24
3053759,32,0.0008,12.7512,98.9,99,101.9,1228980224,20480,20480,20480,1713250304,49152,49152,49152,True,True,False,36,1076,18052,3024,20589,8716,20,17
3066911,31,0.0007,8.3565,33.2,99,101.9,1228926976,20480,20480,20480,1713197056,49152,49152,49152,True,True,False,23,605,11733,1919,14646,5887,12,12
3096939,31,0.001,22.7952,99.2,100,124.0,1229033472,20480,20480,20480,1713295360,49152,49152,49152,True,True,False,66,1872,32506,5377,36867,15501,44,23
3137016,30,0.0008,10.0538,99.2,99,101.9,1228980224,20480,89327,102400,1713250304,49152,142096,159744,True,True,False,27,719,13556,2235,17221,6945,14,14
3161806,30,0.0007,17.033,33.2,99,101.9,1229045760,20480,20480,20480,1713295360,49152,49152,49152,True,True,False,49,1408,24499,4123,28413,11641,37,13
3177073,30,0.0008,14.1655,99.2,100,101.9,1229045760,20480,20480,20480,1713295360,49152,49152,49152,True,True,False,38,1073,18994,3257,24298,9787,23,16
3185358,30,0.0008,28.5317,98.9,99,101.9,1229033472,20480,20480,20480,1713295360,49152,49152,49152,True,True,False,81,2293,40040,6523,47968,20254,59,23
3192520,29,0.0006,67.9572,33.2,99,117.6,1228701696,20480,202558,237568,1713135616,45056,47805,110592,False,False,False,200,5482,97289,16431,111226,46974,162,38
3210145,29,0.0007,39.3683,98.9,99,101.9,1228996608,20480,20480,20480,1713274880,49152,49152,49152,True,True,False,113,3232,55818,9236,65181,24934,81,33
3210951,29,0.0007,15.0013,0.0,99,101.9,1228926976,20480,20480,20480,1713197056,49152,49152,49152,True,True,False,41,1129,20406,3352,26038,10770,22,20
3233185,29,0.0007,20.2018,99.2,100,101.9,1229066240,-12288,3162,20480,1713360896,-16384,14516,49152,True,True,False,56,1485,27653,4662,34406,14205,30,27
3250889,28,0.0008,18.411,49.6,99,101.9,1229066240,20480,20480,20480,1713360896,49152,49152,49152,True,True,False,49,1248,24398,4039,31200,12865,28,22
3251921,28,0.0008,22.0028,99.2,100,133.0,1229033472,20480,20480,20480,1713295360,49152,49152,49152,True,True,False,62,1764,30982,5079,38746,15067,38,25
3274603,28,0.0008,18.9647,25.2,99,101.9,1228980224,20480,20480,20480,1713250304,49152,49152,49152,True,True,False,53,1541,26400,4327,32945,13597,36,18
3284297,28,0.0008,17.0948,33.2,99,126.0,1229033472,20480,20480,20480,1713295360,49152,49152,49152,True,True,False,49,1311,24375,3919,31468,12772,38,12
3289919,28,0.0007,18.9453,99.2,99,101.9,1229033472,20480,28249,28672,1713295360,49152,49152,49152,True,True,False,52,1410,25656,4398,32646,13542,37,16
3349878,27,0.0008,24.8387,99.2,99,101.9,1228931072,20480,43610,86016,1713197056,49152,76619,126976,True,True,False,70,1885,34461,5603,43439,17493,46,25
3352158,27,0.0007,8.2702,99.2,99,101.9,1229033472,20480,20480,20480,1713295360,49152,49152,49152,True,True,False,22,614,10981,1824,15138,5967,14,9
3353977,27,0.0007,14.2058,99.2,100,101.9,1229041664,20480,20480,20480,1713295360,49152,49152,49152,True,True,False,38,977,18944,3210,24931,10532,18,21
3380604,26,0.0008,29.4694,98.9,100,126.0,1228996608,20480,20480,20480,1713287168,49152,49152,49152,True,True,False,86,2422,42113,7160,55194,21392,69,18
3385127,26,0.0008,33.2867,25.2,99,101.9,1228976128,20480,20480,20480,1713250304,49152,49152,49152,True,True,False,94,2569,46123,7771,59673,24237,65,30
3389775,26,0.0007,22.3828,98.9,99,113.6,1229066240,20480,20480,20480,1713360896,49152,49152,49152,True,True,False,60,1716,29814,4982,40757,16669,31,30
3392954,26,0.0007,15.2384,99.2,100,126.0,1228976128,20480,20480,20480,1713250304,49152,49152,49152,True,True,False,41,1154,20436,3515,28528,11424,20,22
3404037,26,0.0007,70.5629,98.9,100,124.0,1228996608,0,5899,20480,1713287168,12288,22907,49152,False,False,False,200,5412,96972,16268,120633,50210,153,47
3408319,26,0.0007,23.6815,99.2,99,101.9,1228926976,20480,20480,20480,1713197056,49152,49152,49152,True,True,False,65,1788,32113,5223,44142,17961,36,30
3409197,26,0.0007,48.6368,0.0,99,133.0,1228980224,20480,20480,20480,1713250304,49152,49152,49152,True,True,False,139,3854,60784,11407,89562,35281,101,39
3449357,25,0.0007,30.5834,33.2,99,101.9,1228300288,20480,20480,20480,1712721920,49152,49152,49152,True,True,False,84,2303,41655,6921,55140,22117,51,34
3460183,25,0.0008,26.6704,99.2,99,101.9,1228308480,20480,20480,20480,1712721920,49152,49152,49152,True,True,False,73,2099,36189,5965,49776,20171,39,35
3469734,25,0.0007,16.62,99.2,99,101.9,1228300288,20480,20480,20480,1712721920,49152,49152,49152,True,True,False,45,1287,22457,3731,31263,11506,27,19
3480749,25,0.0008,27.8515,99.2,100,113.6,1228308480,20480,20480,20480,1712721920,49152,49152,49152,True,True,False,78,2097,38136,6297,51804,20753,50,29
3480884,25,0.0007,34.8393,99.2,100,124.0,1228308480,20480,20480,20480,1712721920,49152,49152,49152,True,True,False,98,2608,48359,8063,62888,24920,70,29
3481596,25,0.0025,68.7499,98.9,100,126.0,1228300288,20480,20480,20480,1712721920,49152,49152,49152,False,False,False,200,5213,96941,16391,123146,50083,162,38
3481888,25,0.0008,57.9389,99.2,100,118.7,1228308480,20480,20480,20480,1712721920,49152,49152,49152,True,True,False,162,4356,79084,13190,102442,41401,115,48
3482870,25,0.0008,12.4932,66.5,99,101.9,1228300288,20480,20480,20480,1712721920,49152,49152,49152,True,True,False,33,965,16780,2741,23749,9159,22,12
3491977,25,0.0007,39.1922,74.4,100,126.0,1228300288,20480,20480,20480,1712721920,49152,49152,49152,True,True,False,109,2814,53697,8843,71342,28567,77,33
3499146,25,0.0007,70.8658,98.9,100,126.0,1228238848,20480,49927,81920,1712660480,49152,49152,49152,False,False,False,200,5354,97233,16435,131240,51969,143,57
3499877,25,0.0006,18.4558,99.2,100,124.0,1228050432,20480,206720,208896,1712459776,49152,247403,249856,True,True,False,50,1311,24932,4096,34617,13759,31,20
3516038,24,0.0007,37.0532,74.4,99,101.9,1228308480,20480,20480,20480,1712721920,49152,49152,49152,True,True,False,103,2861,50472,8438,68546,27119,78,26
3516906,24,0.0007,70.6393,66.5,100,133.0,1228308480,20480,20480,20480,1712721920,49152,49152,49152,False,False,False,200,5453,97097,16050,128643,52301,152,48
3518429,24,0.0008,38.1018,98.9,100,124.0,1228300288,20480,20480,20480,1712721920,49152,49152,49152,True,True,False,105,2889,51911,8551,70302,28271,72,34
3522398,24,0.0007,18.207,99.2,100,124.0,1228300288,20480,20480,20480,1712721920,49152,49152,49152,True,True,False,49,1287,24321,4076,34929,13853,25,25
3527315,24,0.0007,4.8887,66.5,99,101.9,1228300288,20480,20480,20480,1712721920,49152,49152,49152,True,True,False,12,308,6310,1089,9629,3716,2,11
3536321,24,0.0007,41.6273,67.9,100,126.0,1228300288,20480,20480,20480,1712721920,49152,49152,49152,True,True,False,115,3066,56187,9462,78124,31767,74,42
3553103,24,0.0008,27.8126,24.8,99,101.9,1228300288,20480,20480,20480,1712721920,49152,49152,49152,True,True,False,76,2097,37377,6382,51129,20012,48,29
3568318,23,0.0007,57.8198,33.2,99,126.0,1228300288,20480,20480,20480,1712721920,49152,49152,49152,True,True,False,161,4483,78793,13119,109022,43915,110,52
3577524,23,0.0008,38.1873,75.6,99,101.9,1228300288,20480,20480,20480,1712721920,49152,49152,49152,True,True,False,105,2802,51116,8534,72644,28527,74,32
3579385,23,0.0007,34.8261,33.2,99,101.9,1228300288,20480,20480,20480,1712721920,49152,49152,49152,True,True,False,97,2584,47161,7972,65658,26312,67,31
3593339,23,0.0008,19.1775,99.2,99,101.9,1228308480,20480,20480,20480,1712721920,49152,49152,49152,True,True,False,52,1321,25532,4330,37413,14390,26,27
3610235,23,0.0007,21.8621,75.6,99,126.0,1228300288,20480,20480,20480,1712721920,49152,49152,49152,True,True,False,60,1630,29606,5004,41717,16476,32,29
3611198,23,0.0008,52.233,25.2,99,101.9,1228308480,20480,20480,20480,1712721920,49152,49152,49152,True,True,False,145,3877,71113,11950,97110,39983,92,54
3616646,23,0.0008,42.6565,66.5,100,124.0,1228300288,20480,20480,20480,1712721920,49152,49152,49152,True,True,False,117,3227,57484,9407,80651,31776,74,44
3622875,23,0.0007,17.4301,99.2,100,126.0,1228300288,20480,20480,20480,1712721920,49152,49152,49152,True,True,False,47,1341,23326,3802,33421,12596,18,30
3625970,22,0.0009,66.9678,99.2,100,126.0,1228308480,20480,20480,20480,1712721920,49152,49152,49152,True,True,False,184,5105,89920,15075,130771,50132,114,71
3634227,22,0.0011,14.1486,98.9,100,126.0,1228300288,20480,27686,28672,1712721920,49152,49152,49152,True,True,False,37,1053,18647,3130,28013,11051,17,21
3641980,22,0.0007,72.6122,74.4,100,126.0,1228308480,20480,20480,20480,1712721920,49152,49152,49152,False,False,False,200,5556,97369,16157,140065,55849,119,81
3642101,22,0.0007,59.5939,24.8,99,126.0,1228308480,20480,20480,20480,1712721920,49152,49152,49152,True,True,False,162,4396,79240,13309,114770,44918,105,58
3642344,22,0.0007,56.5201,66.5,100,126.0,1228300288,20480,20480,20480,1712721920,49152,49152,49152,True,True,False,157,4167,77091,12740,109272,43292,106,52
3645827,22,0.0008,41.2969,98.9,100,126.0,1228308480,20480,20480,20480,1712721920,49152,49152,49152,True,True,False,113,3036,55170,9391,78911,31551,76,38
3652336,22,0.0006,69.5482,74.4,99,101.9,1228300288,20480,20480,20480,1712721920,49152,49152,49152,True,True,False,191,5288,93503,15550,133836,52947,129,63
3653172,22,0.0007,56.328,67.9,99,101.9,1228300288,20480,20480,20480,1712721920,49152,49152,49152,True,True,False,153,4320,74987,12642,109381,43525,99,55
3653927,22,0.0008,49.4896,75.6,100,124.0,1228300288,20480,20480,20480,1712721920,49152,49152,49152,True,True,False,137,3828,67392,11223,95140,35493,94,44
3654103,22,0.0008,24.6256,98.9,100,133.0,1228300288,20480,20480,20480,1712721920,49152,49152,49152,True,True,False,66,1747,32659,5404,48551,18900,45,22
3666495,22,0.0006,15.7992,66.5,99,126.0,1228308480,20480,20480,20480,1712721920,49152,49152,49152,True,True,False,42,1132,20897,3488,31601,12110,21,22
3679519,22,0.0007,60.0567,74.4,99,101.9,1228300288,20480,20480,20480,1712721920,49152,49152,49152,True,True,False,163,4435,79661,13352,116673,45937,110,54
3681591,22,0.0007,72.5222,98.9,100,126.0,1228308480,20480,20480,20480,1712721920,49152,49152,49152,False,False,False,200,5581,97703,16210,135801,54108,142,58
3689247,21,0.0007,48.1098,0.0,99,126.0,1228300288,20480,20480,20480,1712721920,49152,49152,49152,True,True,False,131,3525,64050,10731,93291,36050,100,32
3691044,21,0.0007,67.3843,34.0,99,126.0,1228308480,20480,20480,20480,1712721920,49152,49152,49152,True,True,False,181,5056,88744,14541,128673,51083,120,62
3695610,21,0.0008,30.5427,49.6,99,126.0,1228300288,20480,20480,20480,1712721920,49152,49152,49152,True,True,False,82,2231,40196,6772,57761,22485,62,21
3713412,21,0.0007,73.8383,99.2,99,101.9,1228300288,20480,20480,20480,1712721920,49152,49152,49152,False,False,False,200,5413,97156,16218,143056,55861,114,86
3718577,21,0.0006,10.4255,33.2,99,116.4,1228300288,20480,20480,20480,1712721920,49152,49152,49152,True,True,False,27,741,13460,2358,20686,7905,17,11
3720613,21,0.0008,73.3173,98.9,99,124.0,1228300288,20480,20480,20480,1712721920,49152,49152,49152,False,False,False,200,5477,97375,16212,144662,56439,128,72
3731423,21,0.0007,41.8701,74.4,99,126.0,1228308480,20480,20480,20480,1712721920,49152,49152,49152,True,True,False,114,3092,55779,9299,82460,32382,71,44
3735026,21,0.0007,23.1523,98.9,100,133.0,1228300288,20480,20480,20480,1712721920,49152,49152,49152,True,True,False,63,1633,30761,5221,46511,18227,37,27
3739652,21,0.0008,20.5565,24.8,99,101.9,1228300288,20480,20480,20480,1712721920,49152,49152,49152,True,True,False,57,1507,28454,4590,40864,15992,39,19
3739764,21,0.0008,25.2803,25.2,99,133.0,1228308480,20480,20480,20480,1712721920,49152,49152,49152,True,True,False,68,1840,33596,5502,50060,19645,41,28
3744591,21,0.0007,35.7448,66.5,99,101.9,1228300288,20480,20480,20480,1712660480,49152,49152,49152,True,True,False,98,2690,48024,8091,70342,26970,61,38
3753954,20,0.0007,72.6881,99.2,100,126.0,1227542528,20480,20480,20480,1712111616,49152,49152,49152,False,False,False,200,5498,96897,16158,141561,54996,150,50
3756124,20,0.001,14.3675,99.2,99,101.9,1227550720,20480,20480,20480,1712111616,49152,49152,49152,True,True,False,38,985,19051,3097,29594,11028,21,18
3764438,20,0.0008,51.6748,66.5,99,124.0,1227550720,20480,20480,20480,1712111616,49152,49152,49152,True,True,False,140,3765,67940,11346,102715,40074,81,60
3765501,20,0.0007,38.8662,66.5,100,133.0,1227550720,20480,20480,20480,1712111616,49152,49152,49152,True,True,False,105,2799,50876,8518,76991,29932,66,40
3772049,20,0.0007,52.155,66.5,99,120.2,1227542528,20480,20480,20480,1712111616,49152,49152,49152,True,True,False,143,3786,69746,11531,103212,40673,104,40
3774629,20,0.0007,26.1559,99.2,99,101.9,1227550720,20480,20480,20480,1712111616,49152,49152,49152,True,True,False,70,1940,34634,5834,51966,20339,40,31
3774991,20,0.0008,42.4593,99.2,100,126.0,1227550720,20480,20480,20480,1712111616,49152,49152,49152,True,True,False,118,3187,57817,9633,84814,32529,69,50
3779675,20,0.001,28.1719,98.9,100,124.0,1227546624,20480,24560,24576,1712111616,49152,49152,49152,True,True,False,76,1999,37416,6151,55933,21699,51,26
3784524,20,0.0008,73.3012,33.2,99,126.0,1227550720,20480,20480,20480,1712111616,49152,49152,49152,False,False,False,200,5428,97382,16058,147563,56520,125,75
3786726,20,0.0007,56.5692,66.5,99,101.9,1227550720,20480,20480,20480,1712111616,49152,49152,49152,True,True,False,153,4221,75171,12317,112043,43191,104,50
3788489,20,0.0007,50.1648,24.8,99,124.0,1227550720,20480,20480,20480,1712111616,49152,49152,49152,True,True,False,134,3614,65611,11038,98721,38384,82,53
3788683,20,0.0006,43.1708,99.2,100,124.0,1227354112,86016,208161,208896,1712033792,126976,126976,126976,True,True,False,119,3081,58199,9730,85912,33299,78,42
3792897,20,0.0008,20.8287,99.2,100,101.9,1227550720,20480,20480,20480,1712111616,49152,49152,49152,True,True,False,55,1588,27196,4607,42410,16123,32,24
3793700,20,0.0007,29.2862,33.2,99,116.4,1227550720,20480,20480,20480,1712111616,49152,49152,49152,True,True,False,81,2137,39418,6659,57889,21845,52,30
3805779,20,0.0007,46.1329,74.4,99,113.6,1227542528,20480,20480,20480,1712111616,49152,49152,49152,True,True,False,125,3392,61057,10115,92196,35503,65,61
3810727,20,0.0008,72.5798,0.0,99,124.0,1227550720,20480,20480,20480,1712111616,49152,49152,49152,False,False,False,200,5659,97506,16248,144898,56070,133,67
3814939,19,0.0008,71.1437,99.2,100,126.0,1227542528,20480,20480,20480,1712111616,49152,49152,49152,True,True,False,195,5219,95323,15833,142927,55885,128,68
3815707,19,0.0007,49.5832,0.0,99,101.9,1227550720,20480,20480,20480,1712111616,49152,49152,49152,True,True,False,137,3731,66952,11185,98661,38153,93,45
3825959,19,0.0008,23.7934,99.2,100,116.4,1227550720,20480,20480,20480,1712111616,49152,49152,49152,True,True,False,64,1774,31332,5313,48891,18620,37,28
3827431,19,0.0007,64.085,99.2,100,124.0,1227542528,20480,20480,20480,1712111616,49152,49152,49152,True,True,False,174,4661,85018,13986,129148,49001,115,60
3831627,19,0.0007,73.2436,99.2,100,126.0,1227550720,20480,20480,20480,1712111616,49152,49152,49152,False,False,False,200,5458,97727,16028,147875,56822,155,45
3848055,19,0.0008,66.3298,66.5,100,126.0,1227550720,20480,20480,20480,1712111616,49152,49152,49152,True,True,False,174,4697,84728,14065,131400,49910,108,67
3851078,19,0.0009,48.9537,66.5,99,126.0,1227550720,20480,20480,20480,1712111616,49152,49152,49152,True,True,False,131,3684,64385,10777,99387,38567,68,64
3853296,19,0.0009,72.4581,99.2,100,126.0,1227550720,20480,20480,20480,1712111616,49152,49152,49152,False,False,False,200,5327,97529,16213,146800,56188,129,71
3861013,19,0.0007,50.2815,98.9,99,101.9,1227550720,20480,20480,20480,1712111616,49152,49152,49152,True,True,False,137,3567,66983,11232,101702,39462,86,52
3861499,19,0.0008,31.6743,0.0,99,101.9,1227542528,20480,20480,20480,1712111616,49152,49152,49152,True,True,False,85,2322,42065,6963,64964,24994,50,36
3861626,19,0.0007,32.5832,74.4,99,101.9,1227542528,20480,20480,20480,1712111616,49152,49152,49152,True,True,False,87,2324,42810,7069,65896,25076,40,48
3863368,19,0.0008,47.5864,98.9,100,126.0,1227550720,20480,20480,20480,1712111616,49152,49152,49152,True,True,False,128,3529,62681,10605,97812,36924,80,49
3864951,19,0.0008,73.4194,98.9,100,126.0,1227550720,20480,20480,20480,1712111616,49152,49152,49152,False,False,False,200,5426,96984,16235,148844,57028,123,77
3870291,19,0.0008,52.0924,34.0,99,126.0,1227550720,20480,20480,20480,1712111616,49152,49152,49152,True,True,False,142,3907,69644,11534,105070,39655,96,47
3870374,19,0.0007,21.0593,99.2,99,101.9,1227542528,20480,20480,20480,1712111616,49152,49152,49152,True,True,False,56,1539,27618,4552,43566,16307,25,32
3870449,19,0.0007,73.4836,75.6,100,126.0,1227550720,20480,20480,20480,1712111616,49152,49152,49152,False,False,False,200,5539,97019,16135,147086,56833,149,51
3871661,19,0.0006,74.6062,25.2,100,126.0,1227550720,20480,20480,20480,1712111616,49152,49152,49152,False,False,False,200,5509,97161,16099,151736,57907,95,105
3873691,19,0.0008,19.3473,99.2,100,114.7,1227550720,20480,20480,20480,1712111616,49152,49152,49152,True,True,False,51,1353,25063,4159,39811,15046,20,32
3878856,18,0.0007,39.1091,98.9,99,101.9,1227550720,20480,20480,20480,1712111616,49152,49152,49152,True,True,False,106,2872,51679,8669,80382,30799,60,47
3888104,18,0.0008,73.706,33.2,99,126.0,1227550720,20480,20480,20480,1712111616,49152,49152,49152,False,False,False,200,5383,97019,16373,150713,57630,139,61
3891990,18,0.0007,32.3242,0.0,99,116.4,1227542528,20480,20480,20480,1712111616,49152,49152,49152,True,True,False,88,2303,42797,7264,66383,25629,55,34
3899303,18,0.0007,20.7581,33.2,99,120.2,1227542528,20480,20480,20480,1712111616,49152,49152,49152,True,True,False,55,1525,27159,4512,44698,16134,23,33
3905476,18,0.0009,73.2717,99.2,100,126.0,1227550720,20480,20480,20480,1712111616,49152,49152,49152,False,False,False,200,5297,97354,16133,150873,57081,127,73
3914553,18,0.0008,45.6621,33.2,99,126.0,1227542528,20480,20480,20480,1712111616,49152,49152,49152,True,True,False,122,3252,59744,10140,94838,35651,68,55
3922861,18,0.0006,64.1192,34.0,99,126.0,1227542528,20480,20480,20480,1712111616,49152,49152,49152,True,True,False,175,4598,85150,14082,130223,50207,121,55
3925429,18,0.0008,43.8196,0.0,99,118.7,1227550720,20480,20480,20480,1712111616,49152,49152,49152,True,True,False,118,3190,57807,9665,90542,33893,62,57
3926728,18,0.0008,72.2745,50.4,99,101.9,1227542528,20480,20480,20480,1712111616,49152,49152,49152,True,True,False,196,5503,96371,15993,149249,56275,130,67
3930179,18,0.0008,55.8285,98.9,99,116.4,1227550720,20480,20480,20480,1712111616,49152,49152,49152,True,True,False,151,4162,73962,12361,115742,43560,97,55
3948904,17,0.0008,7.7861,98.9,100,126.0,1227550720,20480,20480,20480,1712111616,49152,49152,49152,True,True,False,19,573,9793,1670,16807,6258,8,12
3955283,17,0.0007,74.5151,66.5,99,124.0,1227550720,20480,20480,20480,1712111616,49152,49152,49152,False,False,False,200,5555,97452,16184,157803,59964,121,79
3958704,17,0.0009,55.5908,99.2,100,124.0,1227550720,20480,20480,20480,1712111616,49152,49152,49152,True,True,False,148,3970,72469,12069,114725,44098,83,66
3959306,17,0.0008,73.7412,66.5,99,116.4,1227550720,20480,20480,20480,1712111616,49152,49152,49152,False,False,False,200,5370,97247,16171,153726,57839,127,73
3978764,17,0.0023,74.422,99.2,100,126.0,1227542528,20480,24553,24576,1712111616,49152,49152,49152,False,False,False,200,5379,97427,16166,155466,59528,112,88
3997465,17,0.0007,57.2394,98.9,100,133.0,1227550720,20480,20480,20480,1712111616,49152,49152,49152,True,True,False,153,4173,74570,12620,119890,45848,84,70
